Variable,Importancia
pizza_size,0.7861527128841248
ingrediente_Mozzarella Cheese,0.03860105647215341
n_ingredientes,0.03279024826669276
pizza_category,0.024689777936342062
ingrediente_Brie Carre Cheese,0.024558741458624005
ingrediente_Pears,0.022041611011360637
ingrediente_Caramelized Onions,0.02110081112681725
ingrediente_Prosciutto,0.017446443425974383
ingrediente_Thyme,0.017413099142757668
ingrediente_Sliced Ham,0.006817979779394212
ingrediente_Green Peppers,0.0010563945235365806
ingrediente_Arugula,0.0009736550624397252
ingrediente_Prosciutto di San Daniele,0.0008764755526868902
ingrediente_Ricotta Cheese,0.0008136981522788448
ingrediente_Parmigiano Reggiano Cheese,0.0008131691535448174
ingrediente_Gorgonzola Piccante Cheese,0.0008088404888554541
ingrediente_Pepperoni,0.0004261740407414547
ingrediente_Feta Cheese,0.0003091269793732944
ingrediente_Artichokes,0.0003049142602711639
ingrediente_Pineapple,0.00022743365208149923
ingrediente_Pesto Sauce,0.0002072781421389796
ingrediente_Tomatoes,0.0001825218830562145
ingrediente_Zucchini,0.00013833154767981022
ingrediente_Red Peppers,0.00012707383029729626
ingrediente_Garlic,0.00012594426260832111
ingrediente_Onions,8.60891698846568e-05
ingrediente_Coarse Sicilian Salami,8.007873198340769e-05
ingrediente_Luganega Sausage,7.927070012598344e-05
ingrediente_Red Onions,6.61301970963864e-05
ingrediente_Spinach,6.395961372971495e-05
ingrediente_Oregano,4.733757451368913e-05
ingrediente_Pancetta,4.5374747141338865e-05
ingrediente_Friggitello Peppers,4.466821748485094e-05
ingrediente_?duja Salami,4.3836990171274615e-05
ingrediente_Anchovies,4.256233173518886e-05
ingrediente_Bacon,4.155202082968712e-05
ingrediente_Cilantro,3.942626410177946e-05
ingrediente_Chipotle Sauce,3.45127614513858e-05
ingrediente_Jalapeno Peppers,3.348653811318677e-05
ingrediente_Corn,3.2968234131236046e-05
ingrediente_Plum Tomatoes,3.005434626992324e-05
ingrediente_Eggplant,2.959404071772679e-05
ingrediente_Mushrooms,2.914529382233933e-05
ingrediente_Calabrese Salami,2.18342554425778e-05
ingrediente_Asiago Cheese,1.9602675727741902e-05
ingrediente_Blue Cheese,1.4025336819393237e-05
ingrediente_Romano Cheese,1.3794065890352331e-05
ingrediente_Genoa Salami,1.3542801031179162e-05
ingrediente_Beef Chuck Roast,1.2064100150320949e-05
ingrediente_Soppressata Salami,9.963898812440343e-06
ingrediente_Fontina Cheese,9.320541243074133e-06
ingrediente_Provolone Cheese,6.1000059325597075e-06
ingrediente_Smoked Gouda Cheese,3.0628345818740153e-06
ingrediente_Sun-dried Tomatoes,1.9418148062251036e-06
ingrediente_Capocollo,1.1868602875451562e-06
quantity,1.3947754456162831e-13
ingrediente_Green Olives,0.0
ingrediente_Barbecue Sauce,0.0
ingrediente_Artichoke,0.0
ingrediente_Barbecued Chicken,0.0
ingrediente_Chicken,0.0
ingrediente_Alfredo Sauce,0.0
ingrediente_Gouda Cheese,0.0
ingrediente_Goat Cheese,0.0
ingrediente_Chorizo Sausage,0.0
ingrediente_Peperoncini verdi,0.0
ingrediente_Italian Sausage,0.0
ingrediente_Kalamata Olives,0.0
ingrediente_Thai Sweet Chilli Sauce,0.0
