Dataset,Modelo,RMSE,MAE,R2
Pizza Sin Tiempo,Regresión Lineal,1.5027,0.5867,0.829
Pizza Sin Tiempo,Ridge,1.5027,0.5867,0.829
Pizza Sin Tiempo,Lasso,1.5742,0.7646,0.8123
Pizza Sin Tiempo,ElasticNet,1.5542,0.7643,0.817
Pizza Sin Tiempo,Árbol de Decisión,0.2735,0.1682,0.9943
Pizza Sin Tiempo,Random Forest,0.0,0.0,1.0
Pizza Sin Tiempo,Gradient Boosting,0.0727,0.0435,0.9996
Pizza Sin Tiempo,SVM (RBF),0.799,0.1743,0.9516
Pizza Sin Tiempo,KNN,0.1408,0.0067,0.9985
Pizza Sin Tiempo,Red Neuronal (MLP),0.025,0.0164,1.0
Pizza Pearson-Spearman,Regresión Lineal,1.5653,0.695,0.8144
Pizza Pearson-Spearman,Ridge,1.5653,0.695,0.8144
Pizza Pearson-Spearman,Lasso,1.6317,0.8694,0.7983
Pizza Pearson-Spearman,ElasticNet,1.6178,0.8721,0.8018
Pizza Pearson-Spearman,Árbol de Decisión,0.3249,0.1981,0.992
Pizza Pearson-Spearman,Random Forest,0.0418,0.0094,0.9999
Pizza Pearson-Spearman,Gradient Boosting,0.1245,0.0798,0.9988
Pizza Pearson-Spearman,SVM (RBF),0.4893,0.1336,0.9819
Pizza Pearson-Spearman,KNN,0.0441,0.009,0.9999
Pizza Pearson-Spearman,Red Neuronal (MLP),0.0462,0.0213,0.9998
